Key,Event ID,Year,Start,End,Title,Day Type,Tags,Marker,PDF
pdf/2026-2027/2026-08-18/first-day-of-school,pev0000000001,2026-2027,2026-08-18,2026-08-18,First Day of School,,"wdzczzbdfw1nc, 8rge2zbn7g8a3, 58gc3fhnjh9tx, m9n15k6h7xvhr, zekspjczsfxtb, mxjkppjssbzwb, a4htr4w6v8e1r, ajettyjb3c15k, scm0ztfmz4ark",First Day,0f3c5e
pdf/2026-2027/2026-08-18/12-30p-dismissals-k-only,pev0000000002,2026-2027,2026-08-18,2026-08-19,12:30p Dismissals (K only),dty0000000003,wdzczzbdfw1nc,,0f3c5e
pdf/2026-2027/2026-08-21/professional-development-half-day,pev0000000003,2026-2027,2026-08-21,2026-08-21,"Professional Development, half day",dty0000000003,"wdzczzbdfw1nc, 8rge2zbn7g8a3, 58gc3fhnjh9tx, m9n15k6h7xvhr, zekspjczsfxtb, mxjkppjssbzwb, a4htr4w6v8e1r, ajettyjb3c15k, scm0ztfmz4ark",,0f3c5e
pdf/2026-2027/2026-09-07/labor-day,pev0000000004,2026-2027,2026-09-07,2026-09-07,Labor Day,dty0000000002,"wdzczzbdfw1nc, 8rge2zbn7g8a3, 58gc3fhnjh9tx, m9n15k6h7xvhr, zekspjczsfxtb, mxjkppjssbzwb, a4htr4w6v8e1r, ajettyjb3c15k, scm0ztfmz4ark",,0f3c5e
pdf/2026-2027/2026-09-29/returning-grade-ilp-conference-half-days,pev0000000005,2026-2027,2026-09-29,2026-10-02,"Returning Grade ILP Conference, half days",dty0000000003,"wdzczzbdfw1nc, 8rge2zbn7g8a3, 58gc3fhnjh9tx, m9n15k6h7xvhr, zekspjczsfxtb, mxjkppjssbzwb, a4htr4w6v8e1r, ajettyjb3c15k, scm0ztfmz4ark",,0f3c5e
pdf/2026-2027/2026-11-15/second-tuition-installment-due,pev0000000006,2026-2027,2026-11-15,2026-11-15,Second Tuition Installment Due,,"wdzczzbdfw1nc, 8rge2zbn7g8a3, 58gc3fhnjh9tx, m9n15k6h7xvhr, zekspjczsfxtb, mxjkppjssbzwb, a4htr4w6v8e1r, ajettyjb3c15k, scm0ztfmz4ark",,0f3c5e
pdf/2026-2027/2026-11-23/thanksgiving-break,pev0000000007,2026-2027,2026-11-23,2026-11-27,Thanksgiving Break,dty0000000002,"wdzczzbdfw1nc, 8rge2zbn7g8a3, 58gc3fhnjh9tx, m9n15k6h7xvhr, zekspjczsfxtb, mxjkppjssbzwb, a4htr4w6v8e1r, ajettyjb3c15k, scm0ztfmz4ark",,0f3c5e
pdf/2026-2027/2026-12-21/winter-break,pev0000000008,2026-2027,2026-12-21,2027-01-01,Winter Break,dty0000000002,"wdzczzbdfw1nc, 8rge2zbn7g8a3, 58gc3fhnjh9tx, m9n15k6h7xvhr, zekspjczsfxtb, mxjkppjssbzwb, a4htr4w6v8e1r, ajettyjb3c15k, scm0ztfmz4ark",,0f3c5e
pdf/2026-2027/2027-06-04/last-day-of-school-graduation,pev0000000009,2026-2027,2027-06-04,2027-06-04,"Last Day of School, Graduation",dty0000000003,"wdzczzbdfw1nc, 8rge2zbn7g8a3, 58gc3fhnjh9tx, m9n15k6h7xvhr, zekspjczsfxtb, mxjkppjssbzwb, a4htr4w6v8e1r, ajettyjb3c15k, scm0ztfmz4ark",Last Day,0f3c5e
