Tag ID,Tag,Description,Group,Default,Image,Order
tag0000000006,Schedule,"A day that changes the school day itself: first and last days, no school, early dismissal, intersession, picture day.",School day,Yes,sample/school.jpg,
tag0000000101,Conference,"Family and teacher conferences, ILP and student-led.",School day,Yes,sample/school.jpg,
tag0000000102,Assessment,Testing such as MAP and AMC.,School day,Yes,,
tag0000000103,Celebration of Learning,"Students showing their work: CoLs in every subject, Passion Projects weeks and presentations, Math Symposium, theater and music performances, book launches.",School day,Yes,,
tag0000000104,Orientation,"Back to School Night, Meet the Teacher, welcome socials for new families.",School day,Yes,,
tag0000000105,Community,"Events the community gathers for, HCA-run or school-wide: International Night, Spring Celebration, Halloween parade, spelling bee, talent show, coffee carts, band and classroom CAFEs, parent coffees, HCA meetings, family camping, book clubs, playdates, movie nights, Third-ish Thursdays.",Community,Yes,sample/community.jpg,
tag0000000106,Parent Ed,"Sessions where parents learn or are informed: Beacon Wellness, Common Ground, Coffee with Ben or the Board, transitions talks, information sessions.",Community,Yes,,
tag0000000107,Trip,"Camping trips, the Boston trip, backpacking.",Community,Yes,,
tag0000000108,Athletics,Games.,Community,Yes,,
tag0000000109,Clubs,After-school clubs and club session notices.,Community,Yes,,
tag0000000110,Camp,Vacation camp weeks.,Community,Yes,,
tag0000000007,Parents,Adults attend without students.,Who it's for,Yes,,
tag0000000008,Staff,Staff only.,Who it's for,No,,
tag0000000113,Aftercare,Concerns the aftercare program.,Who it's for,Yes,,
tag0000000114,Deadline,Due dates such as tuition installments.,Other,Yes,,
tag0000000001,Celebrate,Fun(d)raiser parties on Helios Celebrate.,Other,Yes,,
tag0000000002,HCA,"Events the HCA runs, from HCA-Team.",Other,Yes,,
tag0000000003,Misc,Events the sheet has not filed under a category.,Other,Yes,,
tag0000000004,Going,"Events you said yes to, parties your household holds tickets to, and HCA events someone in it signed up for.",Other,Yes,,
tag0000000005,Waitlisted,Parties your household is on the waitlist for.,Other,Yes,,
