Event ID,Year,Title,Parent,Category,Status,Description,Image,Timing,Start,End,Location,Spots,Co-Leader Needed,Volunteers Hidden,Direct Sign-Up,Pretty ID,Allow Adding,Flyer Image,Highlight Headline,Highlight Body,Highlight Icon,Order,Added By,Added,Volunteers Complete,Priority,Calendar Event ID
act0000000001,2026 - 2027,International Night,,tcg0000000001,Open,"We invite you to represent anything that you feel connected to, that gives you a sense of belonging, or that you feel excited to explore. This could be a country, region, state, province, city, cultural heritage, or another community.

Your booth can be as simple or creative as you'd like! Share a favorite food, photos, traditions, crafts, music, clothing, or anything else that tells your story.",brand/icon-192.png,,2026-09-24 16:00,2026-09-24 18:00,Helios Blacktop,,No,No,No,international-night,Approval Needed,,Performances,"To help us showcase as many cultures and communities as possible, each booth may offer **one performance**. Sign up for the performance under the corresponding booth.",📣,,jordan.whitfield@heliosschool.org,2026-04-29,,,tev0000000001
act0000000002,2026 - 2027,Spring Celebration,,tcg0000000001,Open,"Organizing the adult-only celebration including food, drinks, theme, activities and decor",,,2027-03-06 17:30,2027-03-06 22:00,Elks Lodge,,Yes,No,Yes,spring-celebration,,brand/logo-lockup-vertical.png,,,,,jordan.whitfield@heliosschool.org,2026-08-13,,Yes,tev0000000002
act0000000003,2026 - 2027,All School Movie Night,,tcg0000000002,Open,"Arriving early to set up projector and speakers, any decorations, putting together treat bags, picking the movie",,,2026-11-06 18:00,2026-11-06 20:00,Helios Field,,Yes,No,Yes,,,,,,,,jordan.whitfield@heliosschool.org,2026-05-27,,,tev0000000003
act0000000004,2026 - 2027,Cocoa & Cookies,,tcg0000000002,Open,"Join your kids before dismissal for winter break for cocoa and cookies. We need people to run the cocoa table, and people to provide treats, potluck-style.",,,2026-12-16 11:45,2026-12-16 13:00,,,Yes,No,Yes,,,,,,,,jordan.whitfield@heliosschool.org,2026-08-13,,,tev0000000004
act0000000005,2026 - 2027,Back to School Social,,tcg0000000002,Done,"Set up tables for after-school clubs, coordinate ice cream, run the welcome table with name tags",,,2026-08-20 15:00,2026-08-20 17:00,Helios Blacktop,,No,No,Yes,,,,,,,,jordan.whitfield@heliosschool.org,2026-06-01,,,tev0000000005
act0000000006,2026 - 2027,Book Fair,,tcg0000000002,Hidden,Book fair supported by the local bookshop. Not announced yet.,,,2027-03-30,2027-04-02,Helios Gym,,No,No,Yes,,,,,,,,jordan.whitfield@heliosschool.org,2026-08-28,,,tev0000000006
act0000000007,2026 - 2027,Coffee Carts,,tcg0000000003,Open,Let's redesign what our coffee carts are! What if we have a yogurt parfait bar? Or a fancy toast station?,,A few times per year,,,,,No,No,Yes,,,,,,,,jordan.whitfield@heliosschool.org,2026-06-08,,,tev0000000007
act0000000008,2026 - 2027,Helios Cares,,tcg0000000004,Open,"The Helios Cares team leads efforts that support our community, both internally and externally: community service drives, campus beautification, staff birthdays and gifts.",,All Year,,,,,No,No,Yes,,,,,,,,jordan.whitfield@heliosschool.org,2026-04-29,,Yes,tev0000000008
act0000000009,2026 - 2027,Room Parents,,tcg0000000004,Open,"Interested in being a room parent? Express interest here. New parents welcome! Sign-ups are hidden for privacy.

There will be about three room parents for each gradeband. A room parent forwards messages to the classroom chats, coordinates a few events, and puts together the yearbook write-up.",,All Year,,,,,No,Yes,No,,,,,,,,jordan.whitfield@heliosschool.org,2026-04-27,,,tev0000000009
act0000000010,2026 - 2027,Tech Team,,tcg0000000005,Open,"Help out with various tech things, such as learning how to set up for outdoor movie nights or setting up the photo booth",,All Year,,,,,Yes,No,Yes,,,,,,,,jordan.whitfield@heliosschool.org,2026-08-13,Yes,,tev0000000010
act0000000011,2026 - 2027,Pi Day,,tcg0000000006,Open,Pi day is March 14. What might a school-wide pi day event look like? Needs someone to design and lead this idea.,,March 14,,,,,Yes,No,Yes,,,,,,,,jordan.whitfield@heliosschool.org,2026-05-27,,,tev0000000011
act0000000012,2026 - 2027,Family Escape Room Night,,tcg0000000001,Pending,Several classrooms serve as escape rooms with puzzles that must be solved for teams to exit.,,,,,,,No,No,Yes,,,,,,,,elena.torres@heliosschool.org,2026-08-30,,,tev0000000012
act0000000013,2025 - 2026,International Night,,tcg0000000001,Done,Looking for booths and performances. Represent your real (or real-ish) land!,,,2025-10-16 16:00,2025-10-16 18:00,Helios Blacktop,,No,No,No,international-night-2025,,,,,,,jordan.whitfield@heliosschool.org,2025-05-03,,,tev0000000013
act0000000014,2025 - 2026,Talent Show,,tcg0000000001,Done,Help organize an all-ages non-competitive talent show,,,2026-02-07 18:00,2026-02-07 21:00,Helios Gym,,No,No,Yes,,,,,,,,jordan.whitfield@heliosschool.org,2025-09-02,,,tev0000000014
act0000000015,2025 - 2026,Helios Cares,,tcg0000000004,Done,"The Helios Cares team leads efforts that support our community, both internally and externally.",,All Year,,,,,No,No,Yes,,,,,,,,jordan.whitfield@heliosschool.org,2025-08-16,,Yes,tev0000000015
act0000000016,2026 - 2027,Set Up Crew,act0000000001,tcg0000000007,Open,"Set up from 12:30pm on, or earlier",,,2026-09-24 12:30,2026-09-24 16:00,,4,No,No,Yes,,,,,,,,jordan.whitfield@heliosschool.org,2026-08-27,,,tev0000000016
act0000000017,2026 - 2027,Clean Up Crew,act0000000001,tcg0000000007,Open,Help us clean up the event. We need as many people as we can get!,,,,,,,Yes,No,Yes,,,,,,,,jordan.whitfield@heliosschool.org,2026-08-27,,,tev0000000017
act0000000018,2026 - 2027,Performance Tech,act0000000001,tcg0000000007,Open,Help with sound for the performances,,,,,,,Yes,No,Yes,,,,,,,,jordan.whitfield@heliosschool.org,2026-09-04,,,tev0000000018
act0000000019,2026 - 2027,Norway,act0000000001,tcg0000000008,Open,Kringla and trolls,,,,,,,No,No,Yes,,,,,,,,elena.torres@heliosschool.org,2026-05-27,,,tev0000000019
act0000000020,2026 - 2027,India,act0000000001,tcg0000000008,Open,,,,,,,,Yes,No,Yes,,,,,,,,deepa.natarajan@heliosschool.org,2026-05-27,,,tev0000000020
act0000000021,2026 - 2027,India Performance,act0000000020,,Open,Max of 2 minutes per performance.,,,,,,,No,No,Yes,,,,,,,,deepa.natarajan@heliosschool.org,2026-08-27,,,tev0000000021
act0000000022,2026 - 2027,Cybertron,act0000000001,tcg0000000008,Pending,A booth about Cybertron (planet of the Transformers),,,,,,,No,No,Yes,,,,,,,,daniel.park@heliosschool.org,2026-08-30,,,tev0000000022
act0000000023,2026 - 2027,Decor,act0000000002,,Open,What's our theme? How do we make it fit our vibe?,,,,,,,No,No,Yes,,,,,,,,jordan.whitfield@heliosschool.org,2026-08-13,,,tev0000000023
act0000000024,2026 - 2027,Childcare,act0000000002,,Open,Order pizza and bring in some activities for the childcare room,,,,,,,No,No,Yes,,,,,,,,jordan.whitfield@heliosschool.org,2026-08-13,,,tev0000000024
act0000000025,2026 - 2027,Marketing,act0000000002,,Open,"Flyers, posters, tickets, oh my!",,,,,,,No,No,Yes,,,,,,,,jordan.whitfield@heliosschool.org,2026-08-13,,,tev0000000025
act0000000026,2026 - 2027,Tech Setup,act0000000003,,Open,,,,,,,2,No,No,Yes,,,,,,,,jordan.whitfield@heliosschool.org,2026-08-11,,,tev0000000026
act0000000027,2026 - 2027,Concessions,act0000000003,,Open,,,,,,,,No,No,Yes,,,,,,,,jordan.whitfield@heliosschool.org,2026-08-11,,,tev0000000027
act0000000028,2026 - 2027,Cocoa Table,act0000000004,,Open,Help set up and manage the cocoa table,,,,,,,No,No,Yes,,,,,,,,jordan.whitfield@heliosschool.org,2026-08-13,,,tev0000000028
act0000000029,2026 - 2027,Bring a Treat,act0000000004,,Open,"Cookies and treats are potluck-style! Bring a treat to share with the school (nut-free, as always).",,,,,,,No,No,Yes,,,,,,,,jordan.whitfield@heliosschool.org,2026-08-13,,,tev0000000029
act0000000030,2026 - 2027,Staff Gifts,act0000000008,,Open,Coordinate winter and end-of-year gifts,,,,,,,No,No,Yes,,,,,,,,jordan.whitfield@heliosschool.org,2026-08-13,,,tev0000000030
act0000000031,2026 - 2027,Community Service,act0000000008,,Open,"Organize community service through the year, such as a backpack drive, mobile pack, beach clean up",,,,,,,No,No,Yes,,,,,,,,jordan.whitfield@heliosschool.org,2026-08-13,,,tev0000000031
act0000000032,2026 - 2027,Winter Coat Drive,act0000000031,,Open,Collect gently used coats and jackets for local families in need,,,,,,,No,No,Yes,,,,,,,,asha.chandra@heliosschool.org,2026-09-01,,,tev0000000032
act0000000033,2026 - 2027,Hummingbirds,act0000000009,,Open,Room parent for kindergarten,,,,,,3,No,Yes,Yes,,,,,,,,jordan.whitfield@heliosschool.org,2026-04-27,,,tev0000000033
act0000000034,2026 - 2027,Halcons,act0000000009,,Open,Room parent for 1st and 2nd grade,,,,,,3,No,Yes,Yes,,,,,,,,jordan.whitfield@heliosschool.org,2026-04-27,,,tev0000000034
act0000000035,2026 - 2027,Jayvens,act0000000009,,Open,Room parent for 3rd and 4th grade,,,,,,3,No,Yes,Yes,,,,,,,,jordan.whitfield@heliosschool.org,2026-04-27,,,tev0000000035
act0000000036,2026 - 2027,Cospreys,act0000000009,,Open,Room parent for 5th and 6th grade,,,,,,3,No,Yes,Yes,,,,,,,,jordan.whitfield@heliosschool.org,2026-04-27,,,tev0000000036
act0000000037,2026 - 2027,Hegrets,act0000000009,,Open,Room parent for 7th and 8th grade,,,,,,3,No,Yes,Yes,,,,,,,,jordan.whitfield@heliosschool.org,2026-04-27,,,tev0000000037
act0000000038,2025 - 2026,Set Up Crew,act0000000013,tcg0000000009,Done,,,,,,,,No,No,Yes,,,,,,,,jordan.whitfield@heliosschool.org,2025-10-09,,,tev0000000038
act0000000039,2025 - 2026,USA,act0000000013,tcg0000000010,Done,,,,,,,,No,No,Yes,,,,,,,,jordan.whitfield@heliosschool.org,2025-05-03,,,tev0000000039
