Category ID,Event ID,Title,Description,Image,Allow Adding,Show On Main Page,Direct Sign-Up,Volunteers Hidden,Hidden,Order
tcg0000000001,,Headline Events,All-school events that anchor the calendar,brand/icon-192.png,No,Yes,,,,
tcg0000000002,,Activities,Bringing the community together,,No,Yes,,,,
tcg0000000003,,Coffee & Community,Casual coffee and a snack for parents and staff,,No,Yes,,,,
tcg0000000004,,HCA Committees,Groups that work throughout the year,brand/logo-mark.png,No,Yes,,,,
tcg0000000005,,Skills & Needs,"A little help, now and again",,No,Yes,,,,
tcg0000000006,,Just an Idea,"Someone came up with this idea, but we need someone to design it and run with it. What would it look like? Can you lead it? Most of these won't happen, and that's okay!",,Approval Needed,Yes,,,,
tcg0000000007,act0000000001,Event Support,,,No,,,,,
tcg0000000008,act0000000001,Place & Culture Booths,,,Yes,,,,,
tcg0000000009,act0000000013,Event Support,,,No,,,,,
tcg0000000010,act0000000013,Place & Culture Booths,,,Yes,,,,,
