Event ID,Email,Position,Note,Added By,Added
act0000000001,jordan.whitfield@heliosschool.org,Co-Chair,,jordan.whitfield@heliosschool.org,2026-04-29
act0000000001,mina.park@heliosschool.org,Co-Chair,,jordan.whitfield@heliosschool.org,2026-05-02
act0000000016,robin.whitfield@heliosschool.org,Volunteer,,robin.whitfield@heliosschool.org,2026-08-28
act0000000016,marco.torres@heliosschool.org,Volunteer,Can bring a truck,marco.torres@heliosschool.org,2026-09-01
act0000000019,elena.torres@heliosschool.org,Co-Chair,,elena.torres@heliosschool.org,2026-05-27
act0000000019,marco.torres@heliosschool.org,Volunteer,,elena.torres@heliosschool.org,2026-05-27
act0000000020,deepa.natarajan@heliosschool.org,Co-Chair,North India and South India both!,deepa.natarajan@heliosschool.org,2026-05-27
act0000000021,karthik.natarajan@heliosschool.org,Volunteer,Bollywood dance by the kids,deepa.natarajan@heliosschool.org,2026-08-27
act0000000018,jordan.whitfield@heliosschool.org,Co-Chair,,jordan.whitfield@heliosschool.org,2026-09-04
act0000000022,daniel.park@heliosschool.org,Open to Co-Chair,,daniel.park@heliosschool.org,2026-08-30
act0000000002,mina.park@heliosschool.org,Co-Chair,,jordan.whitfield@heliosschool.org,2026-08-13
act0000000002,daniel.park@heliosschool.org,Open to Co-Chair,,daniel.park@heliosschool.org,2026-08-20
act0000000023,sofia.marchetti@heliosschool.org,Volunteer,,sofia.marchetti@heliosschool.org,2026-08-21
act0000000026,jordan.whitfield@heliosschool.org,Volunteer,,jordan.whitfield@heliosschool.org,2026-08-12
act0000000026,paolo.marchetti@heliosschool.org,Volunteer,,paolo.marchetti@heliosschool.org,2026-08-14
act0000000007,layla.haddad@heliosschool.org,Volunteer,,layla.haddad@heliosschool.org,2026-08-15
act0000000008,asha.chandra@heliosschool.org,Co-Chair,,jordan.whitfield@heliosschool.org,2026-04-29
act0000000032,rohan.chandra@heliosschool.org,Volunteer,,rohan.chandra@heliosschool.org,2026-09-02
act0000000009,dana.hawkins@heliosschool.org,Co-Chair,,jordan.whitfield@heliosschool.org,2026-04-27
act0000000037,abena.osei@heliosschool.org,Volunteer,,abena.osei@heliosschool.org,2026-08-16
act0000000033,carmen.alvarez@heliosschool.org,Volunteer,,carmen.alvarez@heliosschool.org,2026-08-17
act0000000035,jordan.whitfield@heliosschool.org,Volunteer,,jordan.whitfield@heliosschool.org,2026-08-18
act0000000010,jordan.whitfield@heliosschool.org,Open to Co-Chair,,jordan.whitfield@heliosschool.org,2026-08-13
act0000000012,elena.torres@heliosschool.org,Open to Co-Chair,,elena.torres@heliosschool.org,2026-08-30
act0000000013,jordan.whitfield@heliosschool.org,Co-Chair,,jordan.whitfield@heliosschool.org,2025-05-03
act0000000039,freja.lindqvist@heliosschool.org,Volunteer,,freja.lindqvist@heliosschool.org,2025-09-11
act0000000038,jordan.whitfield@heliosschool.org,Volunteer,,jordan.whitfield@heliosschool.org,2025-10-10
act0000000014,anders.lindqvist@heliosschool.org,Co-Chair,,jordan.whitfield@heliosschool.org,2025-09-02
act0000000015,asha.chandra@heliosschool.org,Co-Chair,,jordan.whitfield@heliosschool.org,2025-08-16
act0000000002,priya.natarajan@heliosschool.org,Volunteer,,deepa.natarajan@heliosschool.org,2026-09-01
act0000000002,nico.torres@heliosschool.org,Volunteer,,jordan.whitfield@heliosschool.org,2026-09-02
