Document,Read,Summary,Key Points,Audience,Repeats
4e796e05dc8b2edd2b63d5737e4b1d01a4957c65a4d8a2473eec00596a7b2c52,2026-10-03.2,"The Jays visit the tide pools Oct 9 and need signed slips and four more drivers.","Return the signed tide pool permission slip by Mon, Oct 5.
The Jays visit the Fitzgerald Marine Reserve tide pools on Fri, Oct 9.
Four more parent drivers are needed for the trip.",Jays,
d220c4f430f249f0d488f61f8ba66e0bd86f9f26d29493a31a70d3555e30d6ab,2026-10-03.2,"Fall club sign-ups close Fri, Sep 25, with spots left in three clubs.","Fall club sign-ups for the Jays and Ravens close Fri, Sep 25, at noon.
Chess, Lego Robotics and Garden Club still have spots.",Everyone,
d3a4863c318d4538d253471ed3668331d07a5ea01ad009901008901113898b36,2026-10-03.2,"Family Game Night is Thursday evening, with pizza from the HPA.","Family Game Night is Thu, Sep 24, 5:30 to 7:30pm in the multipurpose room.
Bring a favourite board game to share; pizza is on the HPA.",Everyone,
34e6d9fa9299b14209067dc01e12a1f65e036ae99494858b660222c560fee143,2026-10-03.2,"Aftercare closes at 4:30pm on Thu, Sep 23, for staff training.","Aftercare closes early at 4:30pm Thursday, Sep 23, for a staff training.
Arrange pick-up by 4:30pm that day.",Everyone,
77c8f086f19880bb41a09c9b4c7008008c61a8575caff1b8973972eb3b5b6abc,2026-10-03.2,"ILP week brings 12:30pm dismissals Sep 29 to Oct 2, and earlier clubs.","Early dismissal at 12:30pm each day, Tue, Sep 29 to Fri, Oct 2, for ILP conferences.
Clubs meet at 12:45pm instead of 3:30pm during ILP week.
Mon, Sep 28 is a full day, with dismissal at 3:15pm.
Parent Ed Coffee with the Board is Mon, Oct 5, 8:30 to 9:30am in the library.",Everyone,
b6557d83643d7be388c8542d43347622c40323eddc7af804a108da301a935426,2026-10-03.2,"The Science Fair is Oct 29; register by Oct 14 and send a poster board by Oct 21.","Register for the Science Fair by Wed, Oct 14.
Send in a tri-fold poster board by Wed, Oct 21.
The Science Fair is Thu, Oct 29, in the multipurpose room.",Everyone,
1b64644b95c8932b1e9ce49eb16c2f23b570d41b73ecd6e402a645e12fee029a,2026-10-03.2,"The Jays visit a pumpkin farm Oct 16; pay the $8 fee by Oct 9 and send muddy boots.","Pay the $8 pumpkin patch trip fee by Fri, Oct 9.
Send your child in boots that can get muddy.
The Jays visit Arata's Pumpkin Farm on Fri, Oct 16.",Jays,
6b6601337ab5cc1c628f59f24002d10845fd67443fbe210717a95280f7830d0b,2026-10-03.2,"A reminder that Science Fair registration closes Oct 14, and judges are welcome.","Science Fair registration closes Wed, Oct 14.
Thirty students have signed up so far.
Judges are still welcome.",Everyone,1: tznmcf88j6pz0
