Newsletter Date ID,Date
nwd0000000001,2025-08-22
nwd0000000002,2025-09-05
nwd0000000003,2025-09-19
nwd0000000004,2025-10-03
nwd0000000005,2025-10-17
nwd0000000006,2025-10-31
nwd0000000007,2025-11-14
nwd0000000008,2025-12-05
nwd0000000009,2025-12-19
nwd0000000010,2026-01-09
nwd0000000011,2026-01-23
nwd0000000012,2026-02-06
nwd0000000013,2026-02-27
nwd0000000014,2026-03-13
nwd0000000015,2026-03-27
nwd0000000016,2026-04-10
nwd0000000017,2026-04-24
nwd0000000018,2026-05-08
nwd0000000019,2026-05-22
nwd0000000020,2026-06-05
nwd0000000021,2026-08-21
nwd0000000022,2026-08-28
nwd0000000023,2026-09-04
nwd0000000024,2026-09-11
nwd0000000025,2026-09-18
nwd0000000026,2026-09-25
nwd0000000027,2026-10-02
nwd0000000028,2026-10-09
nwd0000000029,2026-10-16
nwd0000000030,2026-10-23
nwd0000000031,2026-10-30
nwd0000000032,2026-11-06
nwd0000000033,2026-11-13
nwd0000000034,2026-11-20
nwd0000000035,2026-12-04
nwd0000000036,2026-12-11
nwd0000000037,2026-12-18
nwd0000000038,2027-01-08
nwd0000000039,2027-01-15
nwd0000000040,2027-01-22
nwd0000000041,2027-01-29
nwd0000000042,2027-02-05
nwd0000000043,2027-02-12
nwd0000000044,2027-02-26
nwd0000000045,2027-03-05
nwd0000000046,2027-03-12
nwd0000000047,2027-03-19
nwd0000000048,2027-03-26
nwd0000000049,2027-04-09
nwd0000000050,2027-04-16
nwd0000000051,2027-04-23
nwd0000000052,2027-04-30
nwd0000000053,2027-05-07
nwd0000000054,2027-05-14
nwd0000000055,2027-05-21
nwd0000000056,2027-05-28
nwd0000000057,2027-06-04
