Link ID,Title,Description,URL,Image,Category,Visible,Added By,Added,Order
hyp0000000001,Directory,Find families and staff,https://who.heliosiandev.com:8080/,brand/icon-192.png,hcg0000000002,Yes,jordan.whitfield@heliosschool.org,2026-08-20,2
hyp0000000002,Calendar,School calendar,https://calendar.example.org/,,hcg0000000002,Yes,jordan.whitfield@heliosschool.org,2026-08-20,4
hyp0000000003,Parent Portal,Grades and attendance,https://portal.example.org/,,hcg0000000002,Yes,jordan.whitfield@heliosschool.org,2026-08-20,6
hyp0000000004,Spring Celebration,Tickets and RSVP,https://celebrate.example.org/,,hcg0000000003,Yes,jordan.whitfield@heliosschool.org,2026-08-21,8
hyp0000000005,Family Camping,Book your campsite,https://camp.example.org/,,hcg0000000003,Yes,jordan.whitfield@heliosschool.org,2026-08-21,a
hyp0000000006,Talent Show Signups,Not open yet,https://talent.example.org/,,hcg0000000003,No,jordan.whitfield@heliosschool.org,2026-08-22,c
hyp0000000007,Hummingbirds Chat,,https://chat.example.org/hummingbirds,,hcg0000000004,Yes,jordan.whitfield@heliosschool.org,2026-08-22,e
hyp0000000008,Hawks and Falcons Chat,,https://chat.example.org/hawks-falcons,,hcg0000000004,Yes,jordan.whitfield@heliosschool.org,2026-08-22,g
hyp0000000009,Jays Chat,,https://chat.example.org/jays,,hcg0000000004,Yes,jordan.whitfield@heliosschool.org,2026-09-17,i
hyp0000000010,Staff Room,Lounge sign-ups and the copier queue,https://staff.example.org/,,hcg0000000002,Yes,jordan.whitfield@heliosschool.org,2026-09-17,k
