Alias,ID
P001,pty0000000001
P002,pty0000000002
P003,pty0000000003
P004,pty0000000004
P005,pty0000000005
P006,pty0000000006
P007,pty0000000007
P008,pty0000000008
P009,pty0000000009
P010,pty0000000010
P011,pty0000000011
P012,pty0000000012
P013,pty0000000013
P014,pty0000000014
P020,pty0000000020
P021,pty0000000021
T001,tkt0000000001
T002,tkt0000000002
T003,tkt0000000003
T004,tkt0000000004
T005,tkt0000000005
T006,tkt0000000006
T007,tkt0000000007
T008,tkt0000000008
T009,tkt0000000009
T010,tkt0000000010
T011,tkt0000000011
T012,tkt0000000012
T013,tkt0000000013
T014,tkt0000000014
T015,tkt0000000015
T016,tkt0000000016
T017,tkt0000000017
T018,tkt0000000018
T019,tkt0000000019
T020,tkt0000000020
T021,tkt0000000021
T022,tkt0000000022
T023,tkt0000000023
T024,tkt0000000024
T025,tkt0000000025
T026,tkt0000000026
T027,tkt0000000027
T028,tkt0000000028
T029,tkt0000000029
T030,tkt0000000030
T031,tkt0000000031
T032,tkt0000000032
T033,tkt0000000033
T034,tkt0000000034
T035,tkt0000000035
T036,tkt0000000036
T037,tkt0000000037
T038,tkt0000000038
T039,tkt0000000039
T040,tkt0000000040
T041,tkt0000000041
T042,tkt0000000042
T043,tkt0000000043
T044,tkt0000000044
T045,tkt0000000045
T046,tkt0000000046
T047,tkt0000000047
T048,tkt0000000048
T049,tkt0000000049
T050,tkt0000000050
T051,tkt0000000051
T052,tkt0000000052
T053,tkt0000000053
T054,tkt0000000054
T055,tkt0000000055
T056,tkt0000000056
T057,tkt0000000057
T058,tkt0000000058
T059,tkt0000000059
T060,tkt0000000060
T061,tkt0000000061
T062,tkt0000000062
T063,tkt0000000063
T064,tkt0000000064
T065,tkt0000000065
T066,tkt0000000066
T067,tkt0000000067
T068,tkt0000000068
T069,tkt0000000069
T070,tkt0000000070
T071,tkt0000000071
T072,tkt0000000072
T073,tkt0000000073
T074,tkt0000000074
T075,tkt0000000075
T076,tkt0000000076
T077,tkt0000000077
T078,tkt0000000078
T079,tkt0000000079
T080,tkt0000000080
T081,tkt0000000081
T082,tkt0000000082
T083,tkt0000000083
T084,tkt0000000084
T085,tkt0000000085
T086,tkt0000000086
T087,tkt0000000087
T088,tkt0000000088
T089,tkt0000000089
T090,tkt0000000090
T091,tkt0000000091
T092,tkt0000000092
T093,tkt0000000093
T094,tkt0000000094
T095,tkt0000000095
T096,tkt0000000096
T097,tkt0000000097
T098,tkt0000000098
T099,tkt0000000099
T100,tkt0000000100
T101,tkt0000000101
T102,tkt0000000102
T103,tkt0000000103
T104,tkt0000000104
T105,tkt0000000105
T106,tkt0000000106
T107,tkt0000000107
T108,tkt0000000108
T109,tkt0000000109
T110,tkt0000000110
T111,tkt0000000111
T112,tkt0000000112
T113,tkt0000000113
T114,tkt0000000114
T115,tkt0000000115
T116,tkt0000000116
T117,tkt0000000117
T118,tkt0000000118
T119,tkt0000000119
T120,tkt0000000120
T121,tkt0000000121
