Party ID,Email
pty0000000001,jordan.whitfield@heliosschool.org
pty0000000001,mina.park@heliosschool.org
pty0000000002,elena.torres@heliosschool.org
pty0000000002,marco.torres@heliosschool.org
pty0000000003,deepa.natarajan@heliosschool.org
pty0000000004,sofia.marchetti@heliosschool.org
pty0000000004,paolo.marchetti@heliosschool.org
pty0000000005,asha.chandra@heliosschool.org
pty0000000006,freja.lindqvist@heliosschool.org
pty0000000006,anders.lindqvist@heliosschool.org
pty0000000007,carmen.alvarez@heliosschool.org
pty0000000008,abena.osei@heliosschool.org
pty0000000009,layla.haddad@heliosschool.org
pty0000000010,colin.quinn@heliosschool.org
pty0000000010,dana.hawkins@heliosschool.org
pty0000000011,dana.hawkins@heliosschool.org
pty0000000011,jordan.whitfield@heliosschool.org
pty0000000012,mina.park@heliosschool.org
pty0000000012,daniel.park@heliosschool.org
pty0000000013,layla.haddad@heliosschool.org
pty0000000014,sofia.marchetti@heliosschool.org
pty0000000020,colin.quinn@heliosschool.org
pty0000000020,dana.hawkins@heliosschool.org
pty0000000021,jordan.whitfield@heliosschool.org
pty0000000021,elena.torres@heliosschool.org
