Date,Party ID,Party Title,Celebration,Purchaser Email,Guest Name,Action,Quantity,Cost,Invoice,Invoice To
2025-08-10,pty0000000020,,cbn0000002025,jordan.whitfield@heliosschool.org,Jordan Whitfield,ADD,1,150,INV-1108,Jordan Whitfield
2025-08-11,pty0000000020,,cbn0000002025,jordan.whitfield@heliosschool.org,Robin Whitfield,ADD,1,150,INV-1109,Jordan Whitfield
2025-08-12,pty0000000020,,cbn0000002025,colin.quinn@heliosschool.org,Colin Quinn,ADD,1,150,INV-1110,Colin Quinn
2025-08-13,pty0000000020,,cbn0000002025,dana.hawkins@heliosschool.org,Dana Hawkins,ADD,1,150,INV-1111,Dana Hawkins
2025-08-14,pty0000000020,,cbn0000002025,asha.chandra@heliosschool.org,Asha Chandra,ADD,1,150,INV-1112,Asha Chandra
2025-08-15,pty0000000020,,cbn0000002025,abena.osei@heliosschool.org,Abena Osei,ADD,1,150,INV-1113,Abena Osei
2025-08-20,pty0000000021,,cbn0000002025,jordan.whitfield@heliosschool.org,Sam Whitfield,ADD,1,45,INV-1114,Jordan Whitfield
2025-08-20,pty0000000021,,cbn0000002025,jordan.whitfield@heliosschool.org,Ella Whitfield,ADD,1,45,INV-1115,Jordan Whitfield
2025-08-20,pty0000000021,,cbn0000002025,elena.torres@heliosschool.org,Nico Torres,ADD,1,45,INV-1116,Elena Torres
2025-08-20,pty0000000021,,cbn0000002025,mina.park@heliosschool.org,Owen Park,ADD,1,45,INV-1117,Mina Park
2026-03-07,,Head of School for a Day,cbn0000002026,dana.hawkins@heliosschool.org,,ADD,1,20,INV-1086,Dana Hawkins
2026-06-10,pty0000000010,,cbn0000002026,colin.quinn@heliosschool.org,Colin Quinn,ADD,1,150,,
2026-06-11,pty0000000010,,cbn0000002026,dana.hawkins@heliosschool.org,Dana Hawkins,ADD,1,150,INV-1087,Dana Hawkins
2026-06-12,pty0000000010,,cbn0000002026,jordan.whitfield@heliosschool.org,Jordan Whitfield,ADD,1,150,,
2026-06-13,pty0000000010,,cbn0000002026,jordan.whitfield@heliosschool.org,Robin Whitfield,ADD,1,150,,
2026-06-14,pty0000000010,,cbn0000002026,elena.torres@heliosschool.org,Elena Torres,ADD,1,150,INV-1090,Elena Torres
2026-06-15,pty0000000010,,cbn0000002026,elena.torres@heliosschool.org,Marco Torres,ADD,1,150,,
2026-06-16,pty0000000010,,cbn0000002026,sofia.marchetti@heliosschool.org,Sofia Marchetti,ADD,1,150,,
2026-06-17,pty0000000010,,cbn0000002026,sofia.marchetti@heliosschool.org,Paolo Marchetti,ADD,1,150,INV-1093,Sofia Marchetti
2026-06-18,pty0000000010,,cbn0000002026,asha.chandra@heliosschool.org,Asha Chandra,ADD,1,150,,
2026-06-19,pty0000000010,,cbn0000002026,abena.osei@heliosschool.org,Abena Osei,ADD,1,150,,
2026-08-21,pty0000000006,,cbn0000002026,freja.lindqvist@heliosschool.org,Freja Lindqvist,ADD,1,50,,
2026-08-21,pty0000000006,,cbn0000002026,deepa.natarajan@heliosschool.org,Deepa Natarajan,ADD,1,50,,
2026-08-21,pty0000000008,,cbn0000002026,abena.osei@heliosschool.org,Abena Osei,ADD,1,125,INV-1069,Abena Osei
2026-08-21,pty0000000008,,cbn0000002026,sofia.marchetti@heliosschool.org,Sofia Marchetti,ADD,1,125,,
2026-08-21,pty0000000004,,cbn0000002026,sofia.marchetti@heliosschool.org,Sofia Marchetti,ADD,1,75,INV-1036,Sofia Marchetti
2026-08-21,pty0000000004,,cbn0000002026,sofia.marchetti@heliosschool.org,Paolo Marchetti,ADD,1,75,,
2026-08-22,pty0000000006,,cbn0000002026,freja.lindqvist@heliosschool.org,Anders Lindqvist,ADD,1,50,,
2026-08-22,pty0000000006,,cbn0000002026,deepa.natarajan@heliosschool.org,Karthik Natarajan,ADD,1,50,INV-1054,Deepa Natarajan
2026-08-22,pty0000000001,,cbn0000002026,jordan.whitfield@heliosschool.org,Jordan Whitfield,ADD,1,65,,
2026-08-22,pty0000000001,,cbn0000002026,jordan.whitfield@heliosschool.org,Robin Whitfield,ADD,1,65,,
2026-08-22,pty0000000001,,cbn0000002026,jordan.whitfield@heliosschool.org,Sam Whitfield,ADD,1,65,INV-1003,Jordan Whitfield
2026-08-22,pty0000000001,,cbn0000002026,jordan.whitfield@heliosschool.org,Ella Whitfield,ADD,1,65,,
2026-08-22,pty0000000001,,cbn0000002026,jordan.whitfield@heliosschool.org,"Zander Whitfield (cousin, age 8)",ADD,1,65,,
2026-08-22,pty0000000008,,cbn0000002026,asha.chandra@heliosschool.org,Asha Chandra,ADD,1,125,,
2026-08-22,pty0000000008,,cbn0000002026,sofia.marchetti@heliosschool.org,Paolo Marchetti,ADD,1,125,,
2026-08-22,pty0000000007,,cbn0000002026,elena.torres@heliosschool.org,Elena Torres,ADD,1,300,INV-1057,Elena Torres
2026-08-22,pty0000000007,,cbn0000002026,freja.lindqvist@heliosschool.org,Freja Lindqvist,ADD,1,300,INV-1063,Freja Lindqvist
2026-08-23,pty0000000006,,cbn0000002026,sofia.marchetti@heliosschool.org,Sofia Marchetti,ADD,1,50,INV-1051,Sofia Marchetti
2026-08-23,pty0000000006,,cbn0000002026,layla.haddad@heliosschool.org,Layla Haddad,ADD,1,50,,
2026-08-23,pty0000000002,,cbn0000002026,elena.torres@heliosschool.org,Elena Torres,ADD,1,75,,
2026-08-23,pty0000000002,,cbn0000002026,sofia.marchetti@heliosschool.org,Paolo Marchetti,ADD,1,75,,
2026-08-23,pty0000000002,,cbn0000002026,abena.osei@heliosschool.org,Abena Osei,ADD,1,75,INV-1027,Abena Osei
2026-08-23,pty0000000001,,cbn0000002026,elena.torres@heliosschool.org,Elena Torres,ADD,1,65,INV-1006,Elena Torres
2026-08-23,pty0000000001,,cbn0000002026,elena.torres@heliosschool.org,Marco Torres,ADD,1,65,,
2026-08-23,pty0000000001,,cbn0000002026,elena.torres@heliosschool.org,Nico Torres,ADD,1,65,,
2026-08-23,pty0000000001,,cbn0000002026,deepa.natarajan@heliosschool.org,Deepa Natarajan,ADD,1,65,INV-1009,Deepa Natarajan
2026-08-23,pty0000000001,,cbn0000002026,deepa.natarajan@heliosschool.org,Priya Natarajan,ADD,1,65,,
2026-08-23,pty0000000008,,cbn0000002026,carmen.alvarez@heliosschool.org,Carmen Alvarez,ADD,1,125,,
2026-08-23,pty0000000008,,cbn0000002026,freja.lindqvist@heliosschool.org,Freja Lindqvist,ADD,1,125,INV-1078,Freja Lindqvist
2026-08-23,pty0000000007,,cbn0000002026,elena.torres@heliosschool.org,Marco Torres,ADD,1,300,,
2026-08-23,pty0000000007,,cbn0000002026,freja.lindqvist@heliosschool.org,Anders Lindqvist,ADD,1,300,,
2026-08-24,pty0000000006,,cbn0000002026,sofia.marchetti@heliosschool.org,Paolo Marchetti,ADD,1,50,,
2026-08-24,pty0000000006,,cbn0000002026,april.baxter@heliosschool.org,April Baxter,ADD,1,50,,
2026-08-24,pty0000000002,,cbn0000002026,elena.torres@heliosschool.org,Marco Torres,ADD,1,75,INV-1018,Elena Torres
2026-08-24,pty0000000002,,cbn0000002026,asha.chandra@heliosschool.org,Asha Chandra,ADD,1,75,,
2026-08-24,pty0000000002,,cbn0000002026,colin.quinn@heliosschool.org,Colin Quinn,ADD,1,75,,
2026-08-24,pty0000000001,,cbn0000002026,mina.park@heliosschool.org,Mina Park,ADD,1,65,,
2026-08-24,pty0000000001,,cbn0000002026,mina.park@heliosschool.org,Owen Park,ADD,1,65,INV-1012,Mina Park
2026-08-24,pty0000000008,,cbn0000002026,elena.torres@heliosschool.org,Elena Torres,ADD,1,125,INV-1072,Elena Torres
2026-08-24,pty0000000008,,cbn0000002026,freja.lindqvist@heliosschool.org,Anders Lindqvist,ADD,1,125,,
2026-08-24,pty0000000007,,cbn0000002026,sofia.marchetti@heliosschool.org,Sofia Marchetti,ADD,1,300,,
2026-08-24,pty0000000007,,cbn0000002026,abena.osei@heliosschool.org,Abena Osei,ADD,1,300,,
2026-08-25,pty0000000002,,cbn0000002026,deepa.natarajan@heliosschool.org,Deepa Natarajan,ADD,1,75,,
2026-08-25,pty0000000002,,cbn0000002026,carmen.alvarez@heliosschool.org,Carmen Alvarez,ADD,1,75,INV-1024,Carmen Alvarez
2026-08-25,pty0000000002,,cbn0000002026,dana.hawkins@heliosschool.org,Dana Hawkins,ADD,1,75,,
2026-08-25,pty0000000001,,cbn0000002026,layla.haddad@heliosschool.org,Layla Haddad,ADD,1,65,,
2026-08-25,pty0000000001,,cbn0000002026,layla.haddad@heliosschool.org,Noor Haddad,ADD,1,65,,
2026-08-25,pty0000000001,,cbn0000002026,layla.haddad@heliosschool.org,Ken Bartolome,ADD,1,65,INV-1015,Layla Haddad
2026-08-25,pty0000000008,,cbn0000002026,elena.torres@heliosschool.org,Marco Torres,ADD,1,125,,
2026-08-25,pty0000000008,,cbn0000002026,layla.haddad@heliosschool.org,Layla Haddad,ADD,1,125,,
2026-08-25,pty0000000007,,cbn0000002026,sofia.marchetti@heliosschool.org,Paolo Marchetti,ADD,1,300,INV-1060,Sofia Marchetti
2026-08-25,pty0000000007,,cbn0000002026,layla.haddad@heliosschool.org,Layla Haddad,ADD,1,300,INV-1066,Layla Haddad
2026-08-26,pty0000000002,,cbn0000002026,deepa.natarajan@heliosschool.org,Karthik Natarajan,ADD,1,75,,
2026-08-26,pty0000000002,,cbn0000002026,freja.lindqvist@heliosschool.org,Freja Lindqvist,ADD,1,75,,
2026-08-26,pty0000000002,,cbn0000002026,jordan.whitfield@heliosschool.org,Jordan Whitfield,ADD,1,75,INV-1030,Jordan Whitfield
2026-08-26,pty0000000001,,cbn0000002026,dana.hawkins@heliosschool.org,Dana Hawkins,ADD,1,65,,
2026-08-26,pty0000000008,,cbn0000002026,deepa.natarajan@heliosschool.org,Deepa Natarajan,ADD,1,125,,
2026-08-26,pty0000000008,,cbn0000002026,colin.quinn@heliosschool.org,Colin Quinn,ADD,1,125,INV-1081,Colin Quinn
2026-08-26,pty0000000007,,cbn0000002026,mina.park@heliosschool.org,Mina Park,ADD,1,300,,
2026-08-26,pty0000000007,,cbn0000002026,april.baxter@heliosschool.org,April Baxter,ADD,1,300,,
2026-08-27,pty0000000002,,cbn0000002026,sofia.marchetti@heliosschool.org,Sofia Marchetti,ADD,1,75,INV-1021,Sofia Marchetti
2026-08-27,pty0000000002,,cbn0000002026,freja.lindqvist@heliosschool.org,Anders Lindqvist,ADD,1,75,,
2026-08-27,pty0000000008,,cbn0000002026,deepa.natarajan@heliosschool.org,Karthik Natarajan,ADD,1,125,INV-1075,Deepa Natarajan
2026-08-27,pty0000000008,,cbn0000002026,april.baxter@heliosschool.org,April Baxter,ADD,1,125,,
2026-08-27,pty0000000007,,cbn0000002026,mina.park@heliosschool.org,Daniel Park,ADD,1,300,,
2026-08-27,pty0000000007,,cbn0000002026,colin.quinn@heliosschool.org,Colin Quinn,ADD,1,300,,
2026-08-27,pty0000000004,,cbn0000002026,freja.lindqvist@heliosschool.org,Freja Lindqvist,ADD,1,75,,
2026-08-27,pty0000000004,,cbn0000002026,freja.lindqvist@heliosschool.org,Anders Lindqvist,ADD,1,75,INV-1039,Freja Lindqvist
2026-08-28,pty0000000003,,cbn0000002026,deepa.natarajan@heliosschool.org,Priya Natarajan,ADD,1,50,,
2026-08-28,pty0000000003,,cbn0000002026,deepa.natarajan@heliosschool.org,Deepa Natarajan,ADD,1,50,,
2026-08-29,pty0000000003,,cbn0000002026,robin.whitfield@heliosschool.org,Ella Whitfield,ADD,1,50,INV-1033,Robin Whitfield
2026-08-30,pty0000000003,,cbn0000002026,colin.quinn@heliosschool.org,Harper Quinn,ADD,1,50,,
2026-08-30,pty0000000003,,cbn0000002026,colin.quinn@heliosschool.org,Colin Quinn,ADD,1,50,,
2026-09-01,pty0000000011,,cbn0000002026,dana.hawkins@heliosschool.org,Dana Hawkins,ADD,1,50,INV-1096,Dana Hawkins
2026-09-01,pty0000000011,,cbn0000002026,jordan.whitfield@heliosschool.org,Jordan Whitfield,ADD,1,50,,
2026-09-01,pty0000000011,,cbn0000002026,grace.kim@heliosschool.org,Grace Kim,ADD,1,50,,
2026-09-01,pty0000000011,,cbn0000002026,ruth.amari@heliosschool.org,Ruth Amari,ADD,1,50,INV-1099,Ruth Amari
2026-09-01,pty0000000004,,cbn0000002026,abena.osei@heliosschool.org,Abena Osei,ADD,1,75,,
2026-09-01,pty0000000004,,cbn0000002026,april.baxter@heliosschool.org,April Baxter,ADD,1,75,,
2026-09-01,pty0000000004,,cbn0000002026,mina.park@heliosschool.org,Daniel Park,ADD,1,75,INV-1042,Mina Park
2026-09-01,pty0000000004,,cbn0000002026,mina.park@heliosschool.org,Mina Park,ADD,1,75,,
2026-09-02,pty0000000005,,cbn0000002026,asha.chandra@heliosschool.org,Asha Chandra,ADD,1,150,,
2026-09-02,pty0000000005,,cbn0000002026,deepa.natarajan@heliosschool.org,Deepa Natarajan,ADD,1,150,INV-1045,Deepa Natarajan
2026-09-02,pty0000000005,,cbn0000002026,deepa.natarajan@heliosschool.org,Karthik Natarajan,ADD,1,150,,
2026-09-02,pty0000000005,,cbn0000002026,layla.haddad@heliosschool.org,Layla Haddad,ADD,1,150,,
2026-09-02,pty0000000005,,cbn0000002026,robin.whitfield@heliosschool.org,Robin Whitfield,ADD,1,150,INV-1048,Robin Whitfield
2026-09-03,pty0000000012,,cbn0000002026,jordan.whitfield@heliosschool.org,Sam Whitfield,ADD,1,50,,
2026-09-03,pty0000000012,,cbn0000002026,elena.torres@heliosschool.org,Nico Torres,ADD,1,50,,
2026-09-03,pty0000000012,,cbn0000002026,april.baxter@heliosschool.org,Leo Baxter,ADD,1,50,INV-1102,April Baxter
2026-09-03,pty0000000012,,cbn0000002026,deepa.natarajan@heliosschool.org,Priya Natarajan,ADD,1,50,,
2026-09-03,pty0000000012,,cbn0000002026,layla.haddad@heliosschool.org,Noor Haddad,ADD,1,50,,
2026-09-03,pty0000000012,,cbn0000002026,mina.park@heliosschool.org,Owen Park,ADD,1,50,INV-1105,Mina Park
2026-09-03,pty0000000012,,cbn0000002026,sofia.marchetti@heliosschool.org,Lucia Marchetti,ADD,1,50,,
2026-09-03,pty0000000012,,cbn0000002026,mina.park@heliosschool.org,"Liam Park (sibling of Owen, age 4)",ADD,1,50,,
2026-09-07,pty0000000009,,cbn0000002026,layla.haddad@heliosschool.org,Layla Haddad,ADD,1,100,,
2026-09-07,pty0000000009,,cbn0000002026,colin.quinn@heliosschool.org,Colin Quinn,ADD,1,100,INV-1084,Colin Quinn
2026-09-07,pty0000000009,,cbn0000002026,dana.hawkins@heliosschool.org,Dana Hawkins,ADD,1,100,,
