Ticket ID,Party ID,Email,Name,Purchaser,Status,Quantity,Price,Note,Invoice,Added By,Added
tkt0000000001,pty0000000001,jordan.whitfield@heliosschool.org,,jordan.whitfield@heliosschool.org,Ticket,1,65,,,jordan.whitfield@heliosschool.org,2026-08-22 19:04
tkt0000000002,pty0000000001,robin.whitfield@heliosschool.org,,jordan.whitfield@heliosschool.org,Ticket,1,65,,,jordan.whitfield@heliosschool.org,2026-08-22 19:04
tkt0000000003,pty0000000001,sam.whitfield@heliosschool.org,,jordan.whitfield@heliosschool.org,Ticket,1,65,,,jordan.whitfield@heliosschool.org,2026-08-22 19:04
tkt0000000004,pty0000000001,ella.whitfield@heliosschool.org,,jordan.whitfield@heliosschool.org,Ticket,1,65,,,jordan.whitfield@heliosschool.org,2026-08-22 19:04
tkt0000000005,pty0000000001,,"Zander Whitfield (cousin, age 8)",jordan.whitfield@heliosschool.org,Ticket,1,65,Cousin visiting that weekend,,jordan.whitfield@heliosschool.org,2026-08-22 19:06
tkt0000000006,pty0000000001,elena.torres@heliosschool.org,,elena.torres@heliosschool.org,Ticket,1,65,,,elena.torres@heliosschool.org,2026-08-23 08:11
tkt0000000007,pty0000000001,marco.torres@heliosschool.org,,elena.torres@heliosschool.org,Ticket,1,65,,,elena.torres@heliosschool.org,2026-08-23 08:11
tkt0000000008,pty0000000001,nico.torres@heliosschool.org,,elena.torres@heliosschool.org,Ticket,1,65,,,elena.torres@heliosschool.org,2026-08-23 08:11
tkt0000000009,pty0000000001,deepa.natarajan@heliosschool.org,,deepa.natarajan@heliosschool.org,Ticket,1,65,,,deepa.natarajan@heliosschool.org,2026-08-23 12:40
tkt0000000010,pty0000000001,priya.natarajan@heliosschool.org,,deepa.natarajan@heliosschool.org,Ticket,1,65,,,deepa.natarajan@heliosschool.org,2026-08-23 12:40
tkt0000000011,pty0000000001,mina.park@heliosschool.org,,mina.park@heliosschool.org,Ticket,1,65,,,mina.park@heliosschool.org,2026-08-24 21:15
tkt0000000012,pty0000000001,owen.park@heliosschool.org,,mina.park@heliosschool.org,Ticket,1,65,,,mina.park@heliosschool.org,2026-08-24 21:15
tkt0000000013,pty0000000001,layla.haddad@heliosschool.org,,layla.haddad@heliosschool.org,Ticket,1,65,,,layla.haddad@heliosschool.org,2026-08-25 07:30
tkt0000000014,pty0000000001,noor.haddad@heliosschool.org,,layla.haddad@heliosschool.org,Ticket,1,65,,,layla.haddad@heliosschool.org,2026-08-25 07:30
tkt0000000015,pty0000000001,,Ken Bartolome,layla.haddad@heliosschool.org,Ticket,1,65,,,layla.haddad@heliosschool.org,2026-08-25 07:31
tkt0000000016,pty0000000001,dana.hawkins@heliosschool.org,,dana.hawkins@heliosschool.org,Ticket,1,65,,,dana.hawkins@heliosschool.org,2026-08-26 16:00
tkt0000000017,pty0000000002,elena.torres@heliosschool.org,,elena.torres@heliosschool.org,Ticket,1,75,,,elena.torres@heliosschool.org,2026-08-23 10:10
tkt0000000018,pty0000000002,marco.torres@heliosschool.org,,elena.torres@heliosschool.org,Ticket,1,75,,,elena.torres@heliosschool.org,2026-08-24 10:11
tkt0000000019,pty0000000002,deepa.natarajan@heliosschool.org,,deepa.natarajan@heliosschool.org,Ticket,1,75,,,deepa.natarajan@heliosschool.org,2026-08-25 10:12
tkt0000000020,pty0000000002,karthik.natarajan@heliosschool.org,,deepa.natarajan@heliosschool.org,Ticket,1,75,,,deepa.natarajan@heliosschool.org,2026-08-26 10:13
tkt0000000021,pty0000000002,sofia.marchetti@heliosschool.org,,sofia.marchetti@heliosschool.org,Ticket,1,75,,,sofia.marchetti@heliosschool.org,2026-08-27 10:14
tkt0000000022,pty0000000002,paolo.marchetti@heliosschool.org,,sofia.marchetti@heliosschool.org,Ticket,1,75,,,sofia.marchetti@heliosschool.org,2026-08-23 10:15
tkt0000000023,pty0000000002,asha.chandra@heliosschool.org,,asha.chandra@heliosschool.org,Ticket,1,75,,,asha.chandra@heliosschool.org,2026-08-24 10:16
tkt0000000024,pty0000000002,carmen.alvarez@heliosschool.org,,carmen.alvarez@heliosschool.org,Ticket,1,75,,,carmen.alvarez@heliosschool.org,2026-08-25 10:17
tkt0000000025,pty0000000002,freja.lindqvist@heliosschool.org,,freja.lindqvist@heliosschool.org,Ticket,1,75,,,freja.lindqvist@heliosschool.org,2026-08-26 10:18
tkt0000000026,pty0000000002,anders.lindqvist@heliosschool.org,,freja.lindqvist@heliosschool.org,Ticket,1,75,,,freja.lindqvist@heliosschool.org,2026-08-27 10:19
tkt0000000027,pty0000000002,abena.osei@heliosschool.org,,abena.osei@heliosschool.org,Ticket,1,75,,,abena.osei@heliosschool.org,2026-08-23 10:20
tkt0000000028,pty0000000002,colin.quinn@heliosschool.org,,colin.quinn@heliosschool.org,Ticket,1,75,,,colin.quinn@heliosschool.org,2026-08-24 10:21
tkt0000000029,pty0000000002,dana.hawkins@heliosschool.org,,dana.hawkins@heliosschool.org,Ticket,1,75,,,dana.hawkins@heliosschool.org,2026-08-25 10:22
tkt0000000030,pty0000000002,jordan.whitfield@heliosschool.org,,jordan.whitfield@heliosschool.org,Ticket,1,75,,,jordan.whitfield@heliosschool.org,2026-08-26 10:23
tkt0000000031,pty0000000003,priya.natarajan@heliosschool.org,,deepa.natarajan@heliosschool.org,Ticket,1,50,,,deepa.natarajan@heliosschool.org,2026-08-28 09:00
tkt0000000032,pty0000000003,deepa.natarajan@heliosschool.org,,deepa.natarajan@heliosschool.org,Ticket,1,50,,,deepa.natarajan@heliosschool.org,2026-08-28 09:00
tkt0000000033,pty0000000003,ella.whitfield@heliosschool.org,,robin.whitfield@heliosschool.org,Ticket,1,50,,,robin.whitfield@heliosschool.org,2026-08-29 18:20
tkt0000000034,pty0000000003,harper.quinn@heliosschool.org,,colin.quinn@heliosschool.org,Ticket,1,50,,,colin.quinn@heliosschool.org,2026-08-30 11:00
tkt0000000035,pty0000000003,colin.quinn@heliosschool.org,,colin.quinn@heliosschool.org,Ticket,1,50,,,colin.quinn@heliosschool.org,2026-08-30 11:00
tkt0000000036,pty0000000004,sofia.marchetti@heliosschool.org,,sofia.marchetti@heliosschool.org,Ticket,1,75,,,sofia.marchetti@heliosschool.org,2026-08-21 20:00
tkt0000000037,pty0000000004,paolo.marchetti@heliosschool.org,,sofia.marchetti@heliosschool.org,Ticket,1,75,,,sofia.marchetti@heliosschool.org,2026-08-21 20:00
tkt0000000038,pty0000000004,freja.lindqvist@heliosschool.org,,freja.lindqvist@heliosschool.org,Ticket,1,75,,,freja.lindqvist@heliosschool.org,2026-08-27 20:00
tkt0000000039,pty0000000004,anders.lindqvist@heliosschool.org,,freja.lindqvist@heliosschool.org,Ticket,1,75,,,freja.lindqvist@heliosschool.org,2026-08-27 20:00
tkt0000000040,pty0000000004,abena.osei@heliosschool.org,,abena.osei@heliosschool.org,Ticket,1,75,,,abena.osei@heliosschool.org,2026-09-01 13:00
tkt0000000041,pty0000000004,april.baxter@heliosschool.org,,april.baxter@heliosschool.org,Ticket,1,75,,,april.baxter@heliosschool.org,2026-09-01 13:00
tkt0000000042,pty0000000004,daniel.park@heliosschool.org,,mina.park@heliosschool.org,Ticket,1,75,,,mina.park@heliosschool.org,2026-09-01 13:00
tkt0000000043,pty0000000004,mina.park@heliosschool.org,,mina.park@heliosschool.org,Ticket,1,75,,,mina.park@heliosschool.org,2026-09-01 13:00
tkt0000000044,pty0000000005,asha.chandra@heliosschool.org,,asha.chandra@heliosschool.org,Ticket,1,150,,,asha.chandra@heliosschool.org,2026-09-02 09:30
tkt0000000045,pty0000000005,deepa.natarajan@heliosschool.org,,deepa.natarajan@heliosschool.org,Ticket,1,150,,,deepa.natarajan@heliosschool.org,2026-09-02 09:30
tkt0000000046,pty0000000005,karthik.natarajan@heliosschool.org,,deepa.natarajan@heliosschool.org,Ticket,1,150,,,deepa.natarajan@heliosschool.org,2026-09-02 09:30
tkt0000000047,pty0000000005,layla.haddad@heliosschool.org,,layla.haddad@heliosschool.org,Ticket,1,150,,,layla.haddad@heliosschool.org,2026-09-02 09:30
tkt0000000048,pty0000000005,robin.whitfield@heliosschool.org,,robin.whitfield@heliosschool.org,Ticket,1,150,,,robin.whitfield@heliosschool.org,2026-09-02 09:30
tkt0000000049,pty0000000006,freja.lindqvist@heliosschool.org,,freja.lindqvist@heliosschool.org,Ticket,1,50,,,freja.lindqvist@heliosschool.org,2026-08-21 09:00
tkt0000000050,pty0000000006,anders.lindqvist@heliosschool.org,,freja.lindqvist@heliosschool.org,Ticket,1,50,,,freja.lindqvist@heliosschool.org,2026-08-22 09:01
tkt0000000051,pty0000000006,sofia.marchetti@heliosschool.org,,sofia.marchetti@heliosschool.org,Ticket,1,50,,,sofia.marchetti@heliosschool.org,2026-08-23 09:02
tkt0000000052,pty0000000006,paolo.marchetti@heliosschool.org,,sofia.marchetti@heliosschool.org,Ticket,1,50,,,sofia.marchetti@heliosschool.org,2026-08-24 09:03
tkt0000000053,pty0000000006,deepa.natarajan@heliosschool.org,,deepa.natarajan@heliosschool.org,Ticket,1,50,,,deepa.natarajan@heliosschool.org,2026-08-21 09:04
tkt0000000054,pty0000000006,karthik.natarajan@heliosschool.org,,deepa.natarajan@heliosschool.org,Ticket,1,50,,,deepa.natarajan@heliosschool.org,2026-08-22 09:05
tkt0000000055,pty0000000006,layla.haddad@heliosschool.org,,layla.haddad@heliosschool.org,Ticket,1,50,,,layla.haddad@heliosschool.org,2026-08-23 09:06
tkt0000000056,pty0000000006,april.baxter@heliosschool.org,,april.baxter@heliosschool.org,Ticket,1,50,,,april.baxter@heliosschool.org,2026-08-24 09:07
tkt0000000057,pty0000000006,jordan.whitfield@heliosschool.org,,jordan.whitfield@heliosschool.org,Waitlist,2,50,Two if possible - John would love to come,,jordan.whitfield@heliosschool.org,2026-09-03 21:12
tkt0000000058,pty0000000006,asha.chandra@heliosschool.org,,asha.chandra@heliosschool.org,Waitlist,1,50,,,asha.chandra@heliosschool.org,2026-09-04 08:45
tkt0000000059,pty0000000006,carmen.alvarez@heliosschool.org,,carmen.alvarez@heliosschool.org,Waitlist,1,50,,,carmen.alvarez@heliosschool.org,2026-09-05 17:02
tkt0000000060,pty0000000007,elena.torres@heliosschool.org,,elena.torres@heliosschool.org,Ticket,1,300,,,elena.torres@heliosschool.org,2026-08-22 12:00
tkt0000000061,pty0000000007,marco.torres@heliosschool.org,,elena.torres@heliosschool.org,Ticket,1,300,,,elena.torres@heliosschool.org,2026-08-23 12:01
tkt0000000062,pty0000000007,sofia.marchetti@heliosschool.org,,sofia.marchetti@heliosschool.org,Ticket,1,300,,,sofia.marchetti@heliosschool.org,2026-08-24 12:02
tkt0000000063,pty0000000007,paolo.marchetti@heliosschool.org,,sofia.marchetti@heliosschool.org,Ticket,1,300,,,sofia.marchetti@heliosschool.org,2026-08-25 12:03
tkt0000000064,pty0000000007,mina.park@heliosschool.org,,mina.park@heliosschool.org,Ticket,1,300,,,mina.park@heliosschool.org,2026-08-26 12:04
tkt0000000065,pty0000000007,daniel.park@heliosschool.org,,mina.park@heliosschool.org,Ticket,1,300,,,mina.park@heliosschool.org,2026-08-27 12:05
tkt0000000066,pty0000000007,freja.lindqvist@heliosschool.org,,freja.lindqvist@heliosschool.org,Ticket,1,300,,,freja.lindqvist@heliosschool.org,2026-08-22 12:06
tkt0000000067,pty0000000007,anders.lindqvist@heliosschool.org,,freja.lindqvist@heliosschool.org,Ticket,1,300,,,freja.lindqvist@heliosschool.org,2026-08-23 12:07
tkt0000000068,pty0000000007,abena.osei@heliosschool.org,,abena.osei@heliosschool.org,Ticket,1,300,,,abena.osei@heliosschool.org,2026-08-24 12:08
tkt0000000069,pty0000000007,layla.haddad@heliosschool.org,,layla.haddad@heliosschool.org,Ticket,1,300,,,layla.haddad@heliosschool.org,2026-08-25 12:09
tkt0000000070,pty0000000007,april.baxter@heliosschool.org,,april.baxter@heliosschool.org,Ticket,1,300,,,april.baxter@heliosschool.org,2026-08-26 12:10
tkt0000000071,pty0000000007,colin.quinn@heliosschool.org,,colin.quinn@heliosschool.org,Ticket,1,300,,,colin.quinn@heliosschool.org,2026-08-27 12:11
tkt0000000072,pty0000000007,jordan.whitfield@heliosschool.org,,jordan.whitfield@heliosschool.org,Waitlist,1,300,Happy to fill in last minute,,jordan.whitfield@heliosschool.org,2026-09-06 19:40
tkt0000000073,pty0000000008,abena.osei@heliosschool.org,,abena.osei@heliosschool.org,Ticket,1,125,,,abena.osei@heliosschool.org,2026-08-21 15:00
tkt0000000074,pty0000000008,asha.chandra@heliosschool.org,,asha.chandra@heliosschool.org,Ticket,1,125,,,asha.chandra@heliosschool.org,2026-08-22 15:01
tkt0000000075,pty0000000008,carmen.alvarez@heliosschool.org,,carmen.alvarez@heliosschool.org,Ticket,1,125,,,carmen.alvarez@heliosschool.org,2026-08-23 15:02
tkt0000000076,pty0000000008,elena.torres@heliosschool.org,,elena.torres@heliosschool.org,Ticket,1,125,,,elena.torres@heliosschool.org,2026-08-24 15:03
tkt0000000077,pty0000000008,marco.torres@heliosschool.org,,elena.torres@heliosschool.org,Ticket,1,125,,,elena.torres@heliosschool.org,2026-08-25 15:04
tkt0000000078,pty0000000008,deepa.natarajan@heliosschool.org,,deepa.natarajan@heliosschool.org,Ticket,1,125,,,deepa.natarajan@heliosschool.org,2026-08-26 15:05
tkt0000000079,pty0000000008,karthik.natarajan@heliosschool.org,,deepa.natarajan@heliosschool.org,Ticket,1,125,,,deepa.natarajan@heliosschool.org,2026-08-27 15:06
tkt0000000080,pty0000000008,sofia.marchetti@heliosschool.org,,sofia.marchetti@heliosschool.org,Ticket,1,125,,,sofia.marchetti@heliosschool.org,2026-08-21 15:07
tkt0000000081,pty0000000008,paolo.marchetti@heliosschool.org,,sofia.marchetti@heliosschool.org,Ticket,1,125,,,sofia.marchetti@heliosschool.org,2026-08-22 15:08
tkt0000000082,pty0000000008,freja.lindqvist@heliosschool.org,,freja.lindqvist@heliosschool.org,Ticket,1,125,,,freja.lindqvist@heliosschool.org,2026-08-23 15:09
tkt0000000083,pty0000000008,anders.lindqvist@heliosschool.org,,freja.lindqvist@heliosschool.org,Ticket,1,125,,,freja.lindqvist@heliosschool.org,2026-08-24 15:10
tkt0000000084,pty0000000008,layla.haddad@heliosschool.org,,layla.haddad@heliosschool.org,Ticket,1,125,,,layla.haddad@heliosschool.org,2026-08-25 15:11
tkt0000000085,pty0000000008,colin.quinn@heliosschool.org,,colin.quinn@heliosschool.org,Ticket,1,125,,,colin.quinn@heliosschool.org,2026-08-26 15:12
tkt0000000086,pty0000000008,april.baxter@heliosschool.org,,april.baxter@heliosschool.org,Ticket,1,125,,,april.baxter@heliosschool.org,2026-08-27 15:13
tkt0000000087,pty0000000009,layla.haddad@heliosschool.org,,layla.haddad@heliosschool.org,Ticket,1,100,,,layla.haddad@heliosschool.org,2026-09-07 10:00
tkt0000000088,pty0000000009,colin.quinn@heliosschool.org,,colin.quinn@heliosschool.org,Ticket,1,100,,,colin.quinn@heliosschool.org,2026-09-07 10:00
tkt0000000089,pty0000000009,dana.hawkins@heliosschool.org,,dana.hawkins@heliosschool.org,Ticket,1,100,,,dana.hawkins@heliosschool.org,2026-09-07 10:00
tkt0000000090,pty0000000010,colin.quinn@heliosschool.org,,colin.quinn@heliosschool.org,Ticket,1,150,,Sent,colin.quinn@heliosschool.org,2026-06-10 09:00
tkt0000000091,pty0000000010,dana.hawkins@heliosschool.org,,dana.hawkins@heliosschool.org,Ticket,1,150,,Sent,dana.hawkins@heliosschool.org,2026-06-11 09:00
tkt0000000092,pty0000000010,jordan.whitfield@heliosschool.org,,jordan.whitfield@heliosschool.org,Ticket,1,150,,Sent,jordan.whitfield@heliosschool.org,2026-06-12 09:00
tkt0000000093,pty0000000010,robin.whitfield@heliosschool.org,,jordan.whitfield@heliosschool.org,Ticket,1,150,,Sent,jordan.whitfield@heliosschool.org,2026-06-13 09:00
tkt0000000094,pty0000000010,elena.torres@heliosschool.org,,elena.torres@heliosschool.org,Ticket,1,150,,Sent,elena.torres@heliosschool.org,2026-06-14 09:00
tkt0000000095,pty0000000010,marco.torres@heliosschool.org,,elena.torres@heliosschool.org,Ticket,1,150,,Sent,elena.torres@heliosschool.org,2026-06-15 09:00
tkt0000000096,pty0000000010,sofia.marchetti@heliosschool.org,,sofia.marchetti@heliosschool.org,Ticket,1,150,,,sofia.marchetti@heliosschool.org,2026-06-16 09:00
tkt0000000097,pty0000000010,paolo.marchetti@heliosschool.org,,sofia.marchetti@heliosschool.org,Ticket,1,150,,,sofia.marchetti@heliosschool.org,2026-06-17 09:00
tkt0000000098,pty0000000010,asha.chandra@heliosschool.org,,asha.chandra@heliosschool.org,Ticket,1,150,,,asha.chandra@heliosschool.org,2026-06-18 09:00
tkt0000000099,pty0000000010,abena.osei@heliosschool.org,,abena.osei@heliosschool.org,Ticket,1,150,,,abena.osei@heliosschool.org,2026-06-19 09:00
tkt0000000100,pty0000000011,dana.hawkins@heliosschool.org,,dana.hawkins@heliosschool.org,Ticket,1,50,,,dana.hawkins@heliosschool.org,2026-09-01 08:00
tkt0000000101,pty0000000011,jordan.whitfield@heliosschool.org,,jordan.whitfield@heliosschool.org,Ticket,1,50,,,jordan.whitfield@heliosschool.org,2026-09-01 08:00
tkt0000000102,pty0000000011,grace.kim@heliosschool.org,,grace.kim@heliosschool.org,Ticket,1,50,,,grace.kim@heliosschool.org,2026-09-01 08:00
tkt0000000103,pty0000000011,ruth.amari@heliosschool.org,,ruth.amari@heliosschool.org,Ticket,1,50,,,ruth.amari@heliosschool.org,2026-09-01 08:00
tkt0000000104,pty0000000012,sam.whitfield@heliosschool.org,,jordan.whitfield@heliosschool.org,Ticket,1,50,,,jordan.whitfield@heliosschool.org,2026-09-03 17:00
tkt0000000105,pty0000000012,nico.torres@heliosschool.org,,elena.torres@heliosschool.org,Ticket,1,50,,,elena.torres@heliosschool.org,2026-09-03 17:00
tkt0000000106,pty0000000012,leo.baxter@heliosschool.org,,april.baxter@heliosschool.org,Ticket,1,50,,,april.baxter@heliosschool.org,2026-09-03 17:00
tkt0000000107,pty0000000012,priya.natarajan@heliosschool.org,,deepa.natarajan@heliosschool.org,Ticket,1,50,,,deepa.natarajan@heliosschool.org,2026-09-03 17:00
tkt0000000108,pty0000000012,noor.haddad@heliosschool.org,,layla.haddad@heliosschool.org,Ticket,1,50,,,layla.haddad@heliosschool.org,2026-09-03 17:00
tkt0000000109,pty0000000012,owen.park@heliosschool.org,,mina.park@heliosschool.org,Ticket,1,50,,,mina.park@heliosschool.org,2026-09-03 17:00
tkt0000000110,pty0000000012,lucia.marchetti@heliosschool.org,,sofia.marchetti@heliosschool.org,Ticket,1,50,,,sofia.marchetti@heliosschool.org,2026-09-03 17:00
tkt0000000111,pty0000000012,,"Liam Park (sibling of Owen, age 4)",mina.park@heliosschool.org,Ticket,1,50,,,mina.park@heliosschool.org,2026-09-03 17:02
tkt0000000112,pty0000000020,jordan.whitfield@heliosschool.org,,jordan.whitfield@heliosschool.org,Ticket,1,150,,Paid,jordan.whitfield@heliosschool.org,2025-08-10 09:00
tkt0000000113,pty0000000020,robin.whitfield@heliosschool.org,,jordan.whitfield@heliosschool.org,Ticket,1,150,,Paid,jordan.whitfield@heliosschool.org,2025-08-11 09:00
tkt0000000114,pty0000000020,colin.quinn@heliosschool.org,,colin.quinn@heliosschool.org,Ticket,1,150,,Paid,colin.quinn@heliosschool.org,2025-08-12 09:00
tkt0000000115,pty0000000020,dana.hawkins@heliosschool.org,,dana.hawkins@heliosschool.org,Ticket,1,150,,Paid,dana.hawkins@heliosschool.org,2025-08-13 09:00
tkt0000000116,pty0000000020,asha.chandra@heliosschool.org,,asha.chandra@heliosschool.org,Ticket,1,150,,Paid,asha.chandra@heliosschool.org,2025-08-14 09:00
tkt0000000117,pty0000000020,abena.osei@heliosschool.org,,abena.osei@heliosschool.org,Ticket,1,150,,Paid,abena.osei@heliosschool.org,2025-08-15 09:00
tkt0000000118,pty0000000021,sam.whitfield@heliosschool.org,,jordan.whitfield@heliosschool.org,Ticket,1,45,,Paid,jordan.whitfield@heliosschool.org,2025-08-20 09:00
tkt0000000119,pty0000000021,ella.whitfield@heliosschool.org,,jordan.whitfield@heliosschool.org,Ticket,1,45,,Paid,jordan.whitfield@heliosschool.org,2025-08-20 09:00
tkt0000000120,pty0000000021,nico.torres@heliosschool.org,,elena.torres@heliosschool.org,Ticket,1,45,,Paid,elena.torres@heliosschool.org,2025-08-20 09:00
tkt0000000121,pty0000000021,owen.park@heliosschool.org,,mina.park@heliosschool.org,Ticket,1,45,,Paid,mina.park@heliosschool.org,2025-08-20 09:00
