id,parent,kind,status,slug,name,subtitle,description,color,flyer,pronunciation,url,listed,default,order,visible_to,members_visible_to,managed_by,vc_address,address_override,address_consent,vc_phone,phone_override,phone_consent,consent,mail,posting,replying,join,adding,eligible,capacity,minimum,waitlist,rsvp_yes,rsvp_no,lead_needed,priority,price,unit,parent_ticket_required,drop_off_allowed,start,end,all_day,timing,location,added_by,added
grp00000000001,,group,open,students,Students,,,,,,,Yes,,,grp00000000004,grp00000000004,,,,,,,,,,,,,,,,,,,,,,,,,,,,,,,,
grp00000000002,,group,open,parents,Parents,,,,,,,Yes,,,grp00000000004,grp00000000004,,,,,,,,,,,,,,,,,,,,,,,,,,,,,,,,
grp00000000003,,group,open,staff,Staff,,,,,,,Yes,,,grp00000000004,grp00000000004,,,,,,,,,,,,,,,,,,,,,,,,,,,,,,,,
grp00000000004,,group,open,everyone,Everyone,,,,,,,Yes,,,grp00000000004,grp00000000004,,,,,,,,,,,,,,,,,,,,,,,,,,,,,,,,
grp00000000005,,admins,open,super-admins,Super Admins,,,,,,,,,,grp00000000005,grp00000000004,,,,,,,,,,,,,,,,,,,,,,,,,,,,,,,,
grp00000000006,,admins,open,who-admins,Who? Admins,,,,,,,,,,grp00000000006,grp00000000004,,,,,,,,,,,,,,,,,,,,,,,,,,,,,,,,
grp00000000007,,admins,open,wiki-admins,Wiki Admins,,,,,,,,,,grp00000000007,grp00000000004,,,,,,,,,,,,,,,,,,,,,,,,,,,,,,,,
grp00000000010,grp00000000012,classroom,open,,Hummingbirds,,,,,,,Yes,,,grp00000000004,grp00000000004,,,,,,,,,,,,,,,,,,,,,,,,,,,,,,,,
grp00000000011,grp00000000012,grade,open,grade-3,Grade 3,,,,,,,Yes,,,grp00000000004,grp00000000004,,,,,,,,,,,,,,,,,,,,,,,,,,,,,,,,
grp00000000012,,band,open,,Jayvens,,,,,,,Yes,,,grp00000000004,grp00000000004,,,,,,,,,,,,,,,,,,,,,,,,,,,,,,,,
grp00000000020,,family,open,,Ashdown Family,,,,,,,Yes,,,grp00000000004,grp00000000004,grp00000000020,,,shared,,,withheld,listed,,,,,,,,,,,,,,,,,,,,,,,,
grp00000000030,,group,open,hummingbirds-parents,Hummingbirds Parents,,,,,,,Yes,,,grp00000000004,grp00000000004,,,,,,,,,Yes,members,,,,,,,,,,,,,,,,,,,,,,
grp00000000040,grp00000000060,event,open,fall-picnic,Fall Picnic,,,,,,,Yes,,,grp00000000004,grp00000000004,grp00000000041,,,,,,,,,,,,,,,,,grp00000000042,grp00000000043,,,,,,,2026-10-10 12:00,2026-10-10 15:00,,,,,
grp00000000041,,group,open,,Fall Picnic Managers,,,,,,,Yes,,,grp00000000004,grp00000000004,grp00000000041,,,,,,,,,,,,,,,,,,,,,,,,,,,,,,,
grp00000000042,grp00000000040,group,open,,Fall Picnic Going,,,,,,,Yes,,,grp00000000004,grp00000000004,,,,,,,,,,,,,,,,,,,,,,,,,,,,,,,,
grp00000000043,grp00000000040,group,open,,Fall Picnic Not Going,,,,,,,Yes,,,grp00000000004,grp00000000004,,,,,,,,,,,,,,,,,,,,,,,,,,,,,,,,
grp00000000060,,category,open,,Community,,,,,,,Yes,,i,grp00000000004,grp00000000004,,,,,,,,,,,,,,,,,,,,,,,,,,,,,,,,
