group,person,role,status,guest_of,answered,answered_by,via,quantity,price,purchase_id,note,archived,opened,added_by,added
grp00000000001,per00000000001,member,yes,,,,,,,,,,,,
grp00000000002,per00000000002,member,yes,,,,,,,,,,,,
grp00000000003,per00000000003,member,yes,,,,,,,,,,,,
grp00000000004,per00000000001,member,yes,,,,,,,,,,,,
grp00000000004,per00000000002,member,yes,,,,,,,,,,,,
grp00000000004,per00000000003,member,yes,,,,,,,,,,,,
grp00000000005,per00000000003,member,yes,,,,,,,,,,,,
grp00000000010,per00000000001,member,yes,,,,,,,,,,,,
grp00000000020,per00000000001,member,yes,,,,,,,,,,,,
grp00000000020,per00000000002,member,yes,,,,,,,,,,,,
grp00000000020,per00000000002,lead,yes,,,,,,,,,,,,
grp00000000040,per00000000003,lead,yes,,,,,,,,,,,,
grp00000000040,per00000000003,member,yes,,,,,,,,,,,,
grp00000000040,per00000000002,member,yes,,2026-09-28 18:30,per00000000002,page,,,,,,,,
grp00000000040,per00000000004,member,yes,per00000000002,,,,,,,,,,,
